"Key","Mode","Menu","Call Type","Call Object","Call Object Call Type","Call Object TG/DMR ID","Digi Call Type","Content"
"1","Call","SMS","Analog","Off","","Group Call","","Group Call","0"
"2","Call","SMS","Analog","Off","","Group Call","","Off","0"
"3","Call","SMS","Analog","Off","","Group Call","","Group Call","0"
"4","Call","SMS","Analog","Off","","Group Call","","Group Call","0"
"5","Call","SMS","Analog","Off","","Group Call","","Group Call","0"
"6","Call","SMS","Analog","Off","","Group Call","","Group Call","0"
"7","Call","Contact List","Digital","DISCONN-4000","Group Call","Group Call","4000","Group Call","0"
"8","Call","Contact List","Digital","4751-VLAAMS-BE","Group Call","Group Call","4751","Group Call","0"
"9","Call","Contact List","Digital","Belg NO-2061","Group Call","Group Call","2061","Group Call","0"
"10","Call","Contact List","Digital","BM206-MASTER","Private Call","Group Call","206990","Person Call","0"
"11","Call","Contact List","Digital","REP.ON0SNW","Group Call","Group Call","206103","Group Call","0"
"12","Call","Contact List","Digital","PARROT 9990","Private Call","Group Call","9990","Person Call","0"
"13","Call","SMS","Analog","Off","","Group Call","","Group Call","0"
"14","Call","SMS","Analog","Off","","Group Call","","Group Call","0"
"15","Call","Contact List","Digital","EXT-ROUT-4999","Group Call","Group Call","4999","Group Call","0"
"16","Call","Contact List","Digital","NOODNR-112-BE","Private Call","Group Call","206112","Person Call","0"
"17","Call","SMS","Analog","QuickCall 1","","Group Call","","Group Call","0"
"18","Call","SMS","Analog","Off","","Group Call","","Group Call","0"
