"No.","Group Name","Contact","Contact TG/DMR ID"
"1","RX-206-1","4750-BE|4751-VLAAMS-BE|BE.FUS.N-20601|BE.FUS.Z-20602|BE-DSTAR-LINK|BE-DUTCH-922|BE-Europe-92|Belg E-2063|Belg NO-2061|Belg OnD-2064|Belg OnD-2065|Belg OnD-2066|Belg OnD-2067|Belg OnD-2068|Belg OnD-2069|Belgium-206|Belg-Z-2062|BE-LOC-9|BE-REG-DMR+8|BE-SYMPL-99|BE-TECHTALK|BE-World-91|DISCONN-4000|DMR2 YSF001|EXT-ROUT-4999|HAM-TGIF-NETW-BE|Midden Ned-2042|Nederland|Noord Ned-2041|Oost Ned-2044|REP.ON0AAR|REP.ON0APS|REP.ON0BAF|REP.ON0BXL|REP.ON0CF|REP.ON0CK|REP.ON0DEN|REP.ON0DP|REP.ON0DST|REP.ON0ESB|REP.ON0GAL|REP.ON0GRC|REP.ON0HAM|REP.ON0HOP|REP.ON0KB|REP.ON0LED|REP.ON0LG|REP.ON0LN|REP.ON0MLB|REP.ON0MSD|REP.ON0ODR|REP.ON0OST|REP.ON0PRX|REP.ON0SEA|REP.ON0SNW|REP.ON0VRN|REP.ON0WV|REP.ON0ZK|REP.ON4BAF|REP-2M-ON0BAF|W.WIDE AVIATION|Worldwide Mariti|XRF007 B|Zuid Ned-2043","4750|4751|20601|20602|20609|922|92|2063|2061|2064|2065|2066|2067|2068|2069|206|2062|9|8|99|20611|91|4000|7050999|4999|20620|2042|204|2041|2044|206304|206105|206410|206901|206203|206001|206102|206200|206407|206300|206310|206101|206106|206501|206202|206104|206804|206405|206402|206004|206107|206010|206902|206002|206103|206003|206012|206305|206401|206404|9102|9101|9107|2043"
"2","RX-206-2","4750-BE|4751-VLAAMS-BE|BE.FUS.N-20601|BE.FUS.Z-20602|BE-DSTAR-LINK|BE-DUTCH-922|BE-Europe-92|Belg E-2063|Belg NO-2061|Belg OnD-2064|Belg OnD-2065|Belg OnD-2066|Belg OnD-2067|Belg OnD-2068|Belg OnD-2069|Belgium-206|Belg-Z-2062|BE-LOC-9|BE-REG-DMR+8|BE-SYMPL-99|BE-TECHTALK|BE-World-91|DISCONN-4000|DMR2 YSF001|EXT-ROUT-4999|HAM-TGIF-NETW-BE|Midden Ned-2042|Nederland|Noord Ned-2041|Oost Ned-2044|REP.ON0AAR|REP.ON0APS|REP.ON0BAF|REP.ON0BXL|REP.ON0CF|REP.ON0CK|REP.ON0DEN|REP.ON0DP|REP.ON0DST|REP.ON0ESB|REP.ON0GAL|REP.ON0GRC|REP.ON0HAM|REP.ON0HOP|REP.ON0KB|REP.ON0LED|REP.ON0LG|REP.ON0LN|REP.ON0MLB|REP.ON0MSD|REP.ON0ODR|REP.ON0OST|REP.ON0PRX|REP.ON0SEA|REP.ON0SNW|REP.ON0VRN|REP.ON0WV|REP.ON0ZK|REP.ON4BAF|REP-2M-ON0BAF|W.WIDE AVIATION|Worldwide Mariti|XRF007 B|Zuid Ned-2043","4750|4751|20601|20602|20609|922|92|2063|2061|2064|2065|2066|2067|2068|2069|206|2062|9|8|99|20611|91|4000|7050999|4999|20620|2042|204|2041|2044|206304|206105|206410|206901|206203|206001|206102|206200|206407|206300|206310|206101|206106|206501|206202|206104|206804|206405|206402|206004|206107|206010|206902|206002|206103|206003|206012|206305|206401|206404|9102|9101|9107|2043"
"3","DVMEGA","4751-VLAAMS-BE|Alabama Link|Alabama-3101|Alaska-3102|Australia-505|BE.FUS.N-20601|BE.FUS.Z-20602|BE-DSTAR-LINK|BE-DUTCH-922|BE-Europe-92|Belg E-2063|Belg NO-2061|Belg OnD-2064|Belg OnD-2065|Belg OnD-2066|Belg OnD-2067|Belg OnD-2068|Belg OnD-2069|Belgium-206|Belg-Z-2062|BE-LOC-9|BE-REG-DMR+8|BE-SYMPL-99|BE-TECHTALK|BE-World-91|California-3106|DISCONN-4000|DMR2 YSF001|EXT-ROUT-4999|Florida-3112|GREAT BRITAIN|GRIEKENLAND|GRIEKENLAND 1|GRIEKENLAND 8|HAM-TGIF-NETW-BE|Las Vegas|Midden Ned-2042|Nederland|Nederland Techta|New York|Noord Ned-2041|NXDN AUSTRALIE|NXDN AUSTRIA/GER|NXDN FLORIDA|NXDN NO AMERIKA|NXDN PACIFIC|NXDN SPAIN LINK|NXDN-ALABAMALINK|NXDN-DMR LINK|NXDN-LOKAAL|NXDN-ONTKOPPEL|NXDN-WERELD|NX-YSF PI-STAR C|Oost Ned-2044|PI-Star Chat|REP NAXOS APERAN|REP.ON0OST|REP.ON0SNW|USA.N.WIDE-3100|XLX NETW.TG6|XRF007 B|YSF BE VLAAMS|YSF TG 7|Zuid Ned-2043","4751|31010|3101|3102|505|20601|20602|20609|922|92|2063|2061|2064|2065|2066|2067|2068|2069|206|2062|9|8|99|20611|91|3106|4000|7050999|4999|3112|2341|202|2021|2028|20620|31327|2042|204|2045|3136|2041|7050525|7020000|7001200|7010200|7010400|7010302|7031010|7031665|7000001|7009999|7065000|7031672|2044|31672|202801|206010|206103|3100|6|9107|7064364|7|2043"
"4","WORLD","4751-VLAAMS-BE|Alabama Link|Alabama-3101|Alaska-3102|Australia-505|BE-Europe-92|Belg NO-2061|BE-LOC-9|BE-SYMPL-99|BE-World-91|California-3106|DISCONN-4000|EXT-ROUT-4999|Florida-3112|HAM-TGIF-NETW-BE|USA.N.WIDE-3100","4751|31010|3101|3102|505|92|2061|9|99|91|3106|4000|4999|3112|20620|3100"
"5","PARROT","4751-VLAAMS-BE|APRS|BE.FUS.N-20601|BE-DSTAR-LINK|BE-Europe-92|Belg NO-2061|Belg OnD-2064|Belg OnD-2065|Belg OnD-2066|Belg OnD-2067|Belg OnD-2068|Belg OnD-2069|Belgium-206|BE-LOC-9|BE-SYMPL-99|BE-TECHTALK|BE-World-91|DISCONN-4000|EXT-ROUT-4999|SMS-GATEWAY","4751|226999|20601|20609|92|2061|2064|2065|2066|2067|2068|2069|206|9|99|20611|91|4000|4999|262993"
"6","EUROPA","4751-VLAAMS-BE|BE.FUS.N-20601|BE-DUTCH-922|BE-Europe-92|Belg NO-2061|BE-LOC-9|Berlin/Brandenbu|BE-SYMPL-99|BE-World-91|DISCONN-4000|EXT-ROUT-4999|France Alpes 2|GREAT BRITAIN|GRIEKENLAND|GRIEKENLAND 1|GRIEKENLAND 8|Hamburg/Schleswi|HAM-TGIF-NETW-BE|IE 2721|Midden Ned-2042|NL-CR.LI-DMR DST|Noord Ned-2041|Oost Ned-2044|Provincial C??ce|REFL GR8 4248|REP NAXOS APERAN|YSF-EA5 Spain|Zuid Ned-2043","4751|20601|922|92|2061|9|2621|99|91|4000|4999|2082|2341|202|2021|2028|2622|20620|2721|2042|20411|2041|2044|21410|4248|202801|21461|2043"
"7","REP-VLAAMS","2D-REP ON0OS|4751-VLAAMS-BE|Belg NO-2061|BE-LOC-9|BE-SYMPL-99|DISCONN-4000|EXT-ROUT-4999|REP.ON0AAR|REP.ON0APS|REP.ON0BAF|REP.ON0CF|REP.ON0CK|REP.ON0DEN|REP.ON0DP|REP.ON0DST|REP.ON0ESB|REP.ON0GAL|REP.ON0GRC|REP.ON0HAM|REP.ON0HOP|REP.ON0KB|REP.ON0LED|REP.ON0LG|REP.ON0LN|REP.ON0MLB|REP.ON0MSD|REP.ON0NOL|REP.ON0ODR|REP.ON0OST|REP.ON0PRX|REP.ON0RAM|REP.ON0SEA|REP.ON0SNW|REP.ON0VRN|REP.ON0WV|REP.ON0ZK|REP.ON4BAF|REP-2M-ON0BAF","206009|4751|2061|9|99|4000|4999|206304|206105|206410|206203|206001|206102|206200|206407|206300|206310|206101|206106|206501|206202|206104|206804|206405|206402|206004|206408|206107|206010|206902|206603|206002|206103|206003|206012|206305|206401|206404"
"8","REP-WAALS","4751-VLAAMS-BE|Belg NO-2061|BE-LOC-9|BE-SYMPL-99|DISCONN-4000|EXT-ROUT-4999|REP.ON0BXL|REP.ON0CPS|REP.ON0CVH|REP.ON0HSB|REP.ON0LGE|REP.ON0LLV|REP.ON0LRG|REP.ON0LUS|REP.ON0NIV|REP.ON0NR|REP.ON0RAM|REP.ON0SNW|REP.ON0TB","4751|2061|9|99|4000|4999|206901|206604|206502|206701|206800|206602|206801|206908|206503|206700|206603|206103|206802"
"9","NXND-YSF","4751-VLAAMS-BE|Belg NO-2061|BE-LOC-9|BE-REG-DMR+8|BE-SYMPL-99|DISCONN-4000|NXDN AUSTRALIE|NXDN AUSTRIA/GER|NXDN FLORIDA|NXDN NO AMERIKA|NXDN PACIFIC|NXDN SCOTLAND|NXDN SPAIN LINK|NXDN-ALABAMALINK|NXDN-DMR LINK|NXDN-LOKAAL|NXDN-ONTKOPPEL|NXDN-WERELD|NXDN-YSF001|NX-YSF PI-STAR C|Provincial C??ce|XLX NETW.TG6|YSF BE VLAAMS|YSF TG 7","4751|2061|9|8|99|4000|7050525|7020000|7001200|7010200|7010400|7023551|7010302|7031010|7031665|7000001|7009999|7065000|7000505|7031672|21410|6|7064364|7"
"10","MMDVM YSF-P25","BE.FUS.N-20601|DISCONN-4000|FCS ALABAMA LINK|FCS AUSTRALIE|FCS BELGIUM|FCS CANADA|FCS ECHO|FCS NEDERLAND|FCS USA|FCS WORLD|NX-YSF PI-STAR C|P25-EUROPE|P25-N.AMERICA|P25-WORLD WIDE|XLX NETW.TG6|YSF ALAB-LINK|YSF AMERICA LINK|YSF AUSTRIA|YSF BE NOORDERKE|YSF BE VLAAMS|YSF BE-YSF EURO|YSF CANADA|YSF NED CENTRAL|YSF NL NOORD|YSF NL OOST|YSF NL PEANUT|YSF PARROT|YSF TG 7|YSF US CALIFORNI|YSF US GLOBAL|YSF XLX201B|YSF XLX925A|YSF XLX925C","20601|4000|7100202|7100114|7100111|7100117|7100499|7100107|7100106|7100102|7031672|10300|10200|10100|6|7002035|7089804|7065702|7033637|7064364|7046197|7077353|7096455|7073238|7063539|7092403|7099999|7|7004101|7004162|7013322|7003746|7017687"
"11","SPANJE","4751-VLAAMS-BE|BE.FUS.N-20601|BE-DSTAR-LINK|BE-DUTCH-922|BE-Europe-92|Belg NO-2061|Belg OnD-2064|Belg OnD-2065|Belg OnD-2066|Belg OnD-2067|Belg OnD-2068|Belg OnD-2069|Belgium-206|BE-LOC-9|BE-REG-DMR+8|Provincial C??ce|Provincial C??di|Provincial C??rd|Provincial Canta|Provincial Caste|Provincial Ciuda|Provincial Coru?|Provincial Cuenc|Provincial G.Can|Provincial Giron|Provincial Grana|Provincial Guada|Regional EA1|Regional EA2|Regional EA3|Regional EA4|Regional EA5|Regional EA6|Regional EA7|Regional EA8|Regional EA9|Spain","4751|20601|20609|922|92|2061|2064|2065|2066|2067|2068|2069|206|9|8|21410|21411|21414|21439|21412|21413|21415|21416|31435|21417|21418|21419|2141|2142|2143|2144|2145|2146|2147|2148|2149|214"
"12","H-SP4-YSF","BE.FUS.N-20601|FCS ALABAMA LINK|FCS AUSTRALIE|FCS BELGIUM|FCS CANADA|FCS ECHO|FCS NEDERLAND|FCS USA|FCS WORLD|YSF ALAB-LINK|YSF AMERICA LINK|YSF AUSTRIA|YSF BE NOORDERKE|YSF BE VLAAMS|YSF BE-YSF EURO|YSF CANADA|YSF NED CENTRAL|YSF NL NOORD|YSF NL OOST|YSF NL PEANUT|YSF PARROT|YSF TG 7|YSF US CALIFORNI|YSF US GLOBAL|YSF XLX201B|YSF XLX925A|YSF XLX925C","20601|7100202|7100114|7100111|7100117|7100499|7100107|7100106|7100102|7002035|7089804|7065702|7033637|7064364|7046197|7077353|7096455|7073238|7063539|7092403|7099999|7|7004101|7004162|7013322|7003746|7017687"
"13","REG WAASLAND","BE-LOC-9|BE-SYMPL-99|REP.ON0SNW","9|99|206103"
