"No.","Scan List Name","Scan Channel Member","Scan Channel Member RX Frequency","Scan Channel Member TX Frequency","Scan Mode","Priority Channel Select","Priority Channel 1","Priority Channel 1 RX Frequency","Priority Channel 1 TX Frequency","Priority Channel 2","Priority Channel 2 RX Frequency","Priority Channel 2 TX Frequency","Revert Channel","Look Back Time A[s]","Look Back Time B[s]","Dropout Delay Time[s]","Dwell Time[s]"
"1","2061-BE","SNW Vlaams|4BAF Vlaams|DP Vlaams|CF Vlaams|DEN Vlaams|APS Vlaams|GRC Vlaams|HAM vlaams|KB vlaams|WV Vlaams|VRN Vlaams|OST Vlaams|SEA Vlaams|BAF Vlaams|CK Vlaams|LED Vlaams|MSD Vlaams|AAR Vlaams|ODR Vlaams|GAL Vlaams|DIL Vlaams|PRX Vlaams|BXL Vlaams|MLB Vlaams|ANT Vlaams|2D-BAF Vlaams|LRG Vlaams|NR Vlaams|HOP Vlaams|LLV Vlaams|TB Vlaams|ESB Vlaams|NIV Vlaams|GBX Vlaams|LUS-Vlaams|M-CPS Vlaams|LN Vlaams|2D-OS Vlaams|LGE Vlaams|CVH VLAAMS|FR Vlaams|DST Vlaams|ZK Vlaams|NOL Vlaams|ZK Vlaams2","439.40000|439.00000|439.46250|439.02500|439.03750|438.36250|439.08750|438.33750|438.92500|439.58750|439.21250|439.41250|438.93750|439.06250|439.16250|438.73750|439.18750|438.25000|438.81250|438.83750|439.26250|438.41250|439.33750|438.96250|438.98750|145.58750|439.16250|439.53750|438.91250|438.87500|438.27500|438.97500|439.13750|438.21250|439.23750|439.11250|439.15000|145.71250|438.93750|438.48750|439.42500|439.45000|439.20000|439.15000|439.20000","431.80000|431.40000|431.86250|431.42500|431.43750|430.76250|431.48750|430.73750|431.32500|431.98750|431.61250|431.81250|431.33750|431.46250|431.56250|431.13750|431.58750|430.65000|431.21250|431.23750|431.66250|430.81250|431.73750|431.36250|431.38750|144.98750|431.56250|431.93750|431.31250|431.27500|430.67500|431.37500|431.53750|430.61250|431.63750|431.51250|431.55000|145.11250|431.33750|430.88750|431.82500|431.85000|431.60000|431.55000|431.60000","Off","Priority Channel Select1 + Priority Channel Select2","SNW Vlaams","439.40000","431.80000","DP Vlaams","439.46250","431.86250","Selected","1.5","2.5","2.9","2.9"
"2","BLANCO","BLANCO","430.00000","430.00000","Off","Off","Off","","","Off","","","Selected","0.5","0.5","0.1","0.1"
"3","70A-BE","NL Meeuwen|ONZ Knokke|AN Antwerpen|GEE Geel|KB Bornem|LIR Lier|TLO Scherpenheuv|RCL Leuven|BA Zaventem|UBA Brussel|DEN Buggenhou|OB Oudenaarde|AST Erpe Mere|GRC Gent|GBN Herzele|KTK  Lendelede|VTI Tielt|FF Moorslede|OST Oostende|HTT ST Auban|LG Seraing|LLV La Hestre|NR Namur Wepion|PHI Philipvil|RBO Raeren|TB Weismes|WTO Vieux Gen|ZK Heist op d|RA Opwijk|VBT Zellik|CLR Montignie|BT Schaarbeek|ZK Averbode|DEN Dendermon|ESB Halle|LB Tongeren/vrer|BEL Scherpenh.|VRN Koksijde|BEL St hubert|GBN Vloesberg|BW Louvin laneu|BN Florennes|WL ST-Niklaas|70A-SNW|70A- WLD|D-434.800","439.15000|438.72500|439.35000|430.05000|438.92500|439.05000|439.10000|438.85000|438.65000|439.22500|438.95000|439.15000|439.12500|439.25000|438.70000|430.32500|430.27500|439.37500|439.30000|430.35000|439.47500|438.87500|439.50000|430.17500|438.72500|439.01250|430.10000|439.20000|438.80000|430.37500|430.07500|438.67500|438.82500|438.95000|438.97500|438.90000|438.65000|439.45000|438.65000|438.70000|438.75000|439.17500|438.77500|432.55000|438.67500|434.80000","431.55000|431.12500|431.75000|431.65000|431.32500|431.45000|431.50000|431.25000|431.05000|431.62500|431.35000|431.55000|431.52500|431.65000|431.10000|431.92500|431.87500|431.77500|431.70000|431.95000|431.87500|431.27500|431.90000|431.77500|431.12500|431.41250|431.70000|431.60000|431.20000|431.97500|431.67500|431.07500|431.22500|431.35000|431.37500|431.30000|431.05000|431.85000|431.05000|431.10000|431.15000|431.57500|431.17500|432.55000|438.67500|434.80000","Off","Priority Channel Select1 + Priority Channel Select2","WL ST-Niklaas","438.77500","431.17500","70A-SNW","432.55000","432.55000","Selected","1.5","2.5","2.9","2.9"
"4","2A-BE","2A-GENK|2A-AVERBODE|2A-BRAKEL|2A-BRUGGE|2A-PEER|2A-GENT|2A-MELDERT|2A-OOSTENDE|2A-BRUSSEL|2A-LIEGE|2A-LENDELEDE*|2A-ANTWERPEN|2A-MOORSLEDE*|2A-TONGEREN*|2A-BERG O/Z|2A-MONS|2A-DIEST|2A-KORTRIJK|2A-ARLON|2A-MANAGE1750|2A-ST.HUBERT1750|2A-SERAING|2A-MONTIGN1750|2A-MANHAY|2A-ESTIGNE1750|2A-WEPION1750|2A-LUIK|2A-HUBERT1750|2A-LENDELEDE|2A-MOORSLEDE|2A-TONGEREN|2A-FLOBECQ|2A-WEISMES|2A-ISS STATION","145.23750|145.63750|145.61250|145.65000|145.66250|145.70000|145.71250|145.71250|145.67500|145.73750|145.73750|145.76250|145.77500|145.77500|145.68750|145.71250|145.71250|145.73750|145.76250|145.60000|145.62500|145.65000|145.66250|145.68750|145.71250|145.72500|145.73750|145.75000|145.73750|145.77500|145.77500|145.61250|145.63750|145.80000","145.23750|145.03750|145.01250|145.05000|145.06250|145.10000|145.11250|145.11250|145.07500|145.13750|145.13750|145.16250|145.17500|145.17500|145.08750|145.11250|145.11250|145.13750|145.16250|145.00000|145.02500|145.05000|145.06250|145.08750|145.11250|145.72500|145.13750|145.15000|145.13750|145.17500|145.17500|145.01250|145.03750|145.20000","Off","Priority Channel Select1 + Priority Channel Select2","2A-GENT","145.70000","145.10000","2A-ANTWERPEN","145.76250","145.16250","Selected","1.5","2.5","2.9","2.9"
"5","SIMPLEX-70+2","D-433.500|D-433.525|D-433.550|A-433.500|A-433.525|A-433.550|2A- SNW|2A- WLD|2A-WAASLAND|2A-145.550|2A-145.575|2A-145.600|D-434.800|70A-SNW|70A- WLD|2D-145.550-D|2D-145.575-D|2D-145.600-D","433.50000|433.52500|433.55000|433.50000|433.52500|433.55000|145.47500|144.67500|145.32500|145.55000|145.57500|145.60000|434.80000|432.55000|438.67500|145.55000|145.57500|145.60000","433.50000|433.52500|433.55000|433.50000|433.52500|433.55000|145.47500|144.67500|145.32500|145.55000|145.57500|145.60000|434.80000|432.55000|438.67500|145.55000|145.57500|145.60000","Off","Priority Channel Select1 + Priority Channel Select2","D-434.800","434.80000","434.80000","2A-145.550","145.55000","145.55000","Selected","1.5","2.5","2.9","2.9"
"9","B-EARS 2+70 A","EARS-W-BRAB|EARS-LIMBURG|EARS-OOST.VL|EARS-OSTKANTON|EARS-HAINAUT|EARS-BRUSSEL|EARS-NAMUR|EARS-LIEGE|EARS-ANTWERP|EARS-VL.BRABANT|EARS-W.VL+LUX|EARS-NATIONAAL|2-EARS BRABANT|2-EARS LIMBURG|2-EARS OOST-VL|2-EARS OSTKANTON|2-EARS HAINAUT|2-EARS BRUSSEL|2-EARS NAMUR|2-EARS LIEGE|2-EARS ANTWERPEN|2-EARS VL.BRABAN|2-EARS W.VL+LUX|2-EARS NATIONAL","434.22500|434.25000|434.27500|434.30000|434.32500|434.35000|434.37500|434.40000|434.42500|434.45000|434.47500|434.50000|145.22500|145.25000|145.27500|145.30000|145.32500|145.35000|145.37500|145.40000|145.42500|145.45000|145.47500|145.50000","434.22500|434.25000|434.27500|434.30000|434.32500|434.35000|434.37500|434.40000|434.42500|434.45000|434.47500|434.50000|145.22500|145.25000|145.27500|145.30000|145.32500|145.33500|145.37500|145.40000|145.42500|145.45000|145.47500|145.50000","Off","Priority Channel Select1 + Priority Channel Select2","EARS-NATIONAAL","434.50000","434.50000","2-EARS NATIONAL","145.50000","145.50000","Selected","1.5","2.5","2.9","2.9"
"10","70A-NL","DZL Delfzijl|GRO Groningen|WSN-Stadskana|HVN Herenveen|FRL Tytsjerk|ALW Wijnaldum|ASN Assen|MEP Meppel|NON Coversity|DEV Deventer|KMP Kampen|NOV t Harde|APD Apeldoorn|ANH Arnhem|TWR Barneveld|TWE Eibergen|JUT Lg-Soeren|NMG Nijmegen|YSS Zutphen|AMF Amersfoor|ZST Zeist|KAR Bladel|BRD Breda|SHB Den Bosch|EHV Eindhoven|NEN Nuenen|OSS Oss|BOZ Bergen oZ|NLB Gennep|RMD Melick|VNR Venray|VLI Vlissinge|ALK Alkmaar|ASD Amsterdam|RDH DenHelder|HLM Haarlem|HWD Heerhugow|FLD Almere|DFT Delft|HGL Den Haag|DEC Dordrecht|GOR Gorichem|SWK Gouda|LDN Leiden|RTD Rotterdam|RAZ Zoetermeer|NOS Hilversum|ZAZ Assendelf|ZLD Goes|NOG Delfzijl","430.32500|430.23750|430.15000|430.02500|430.10000|430.06250|430.05000|430.07500|430.27500|430.36250|430.17500|430.26250|430.15000|430.05000|430.21250|430.22500|430.06250|430.31250|430.01250|430.25000|430.07500|430.28750|430.32500|430.23750|430.10000|430.06250|430.37500|430.21250|430.20000|430.36250|430.35000|430.07500|430.37500|430.20000|430.26250|430.25000|438.87500|430.28750|430.08750|430.35000|430.36250|430.01250|430.26250|430.23750|430.30000|430.15000|430.12500|437.63750|437.67500|437.92500","431.92500|431.83750|431.75000|431.62500|431.70000|431.66260|431.65000|431.67500|431.87500|431.96250|431.77500|431.86250|431.75000|431.65000|431.81250|431.82500|431.66250|431.91250|431.61250|431.85000|431.67500|431.88750|431.92500|431.83750|431.70000|431.66250|431.97500|431.81250|431.80000|431.96250|431.95000|431.67500|431.97500|431.80000|431.86250|431.85000|431.27500|431.88750|400.00000|431.95000|431.96250|431.61250|431.86250|431.83750|431.90000|431.75000|431.72500|430.03750|430.07500|430.32500","Off","Off","Off","","","Off","","","Selected","1.5","2.5","2.9","2.9"
"11","2A-NL","2A-UTR landel|2A-AMS amsteram|2A-ALK alkmaar|2A-ZVL westdorp|2A-TWE eiber|2A-SRT venlo|2A-NOG apping|2A-BOZ b/o/z|2A-ZOD 1750HZ|2A-AMF amersfoor|2A-FRL leeuwwaar|2A-YSS zutfen|2A-MEP meppel|2A-BRD breda|2A-VLI vlissinge|2A-RTD rotterdam|2A-NOV harde|2A-VHP vroom|2A-YMD ijmuiden|2A-HVN heeren|2A-EHV eindhoven|2A-DTC doeting|2A-ZAZ assen|2A-APD apeldoorn|2A-ZLB geleen|2A-FLD lelystad|2A-NYM nymegen|2A-GRN groningen|2A-RAZ zoetermee|2A-ALM almere|2A-ASD amsterdam|2A-GOE goes","145.57500|145.58750|145.60000|145.60000|145.60000|145.60000|145.61250|145.62500|145.62500|145.62500|145.63750|145.63750|145.65000|145.65000|145.66250|145.67500|145.67500|145.68750|145.68750|145.70000|145.70000|145.70000|145.71250|145.72500|145.72500|145.73750|145.75000|145.75000|145.75000|145.76250|145.77500|145.77500","144.97500|144.98750|145.00000|145.00000|145.00000|145.00000|145.01250|145.02500|145.02500|145.02500|145.03750|145.03750|145.05000|145.05000|145.06250|145.07500|145.07500|145.08750|145.08750|145.10000|145.10000|145.10000|145.11250|145.12500|145.12500|145.13750|145.15000|145.15000|145.15000|145.16250|145.17500|145.17500","Off","Off","Off","","","Off","","","Selected","1.5","2.5","2.9","2.9"
"12","DIG.B-EARS","SNW B-EARS|DP-B-EARS|DEN-B-EARS|APS-B-EARS|GRC-B-EARS|HAM-B-EARS|KB-B-EARS|WV-B-EARS|VRN-B-EARS|OST-B-EARS|SEA-B-EARS|BAF-B-EARS|4BAF-B-EARS|2D-BAF B-EARS|CK-B-EARS|LED-B-EARS|MSD-B-EARS|ODR-B-EARS|GAL-B-EARS|PRX-B-EARS|BXL-B-EARS|LN B-EARS|DST B-EARS|MLB-B-EARS|ZK B-EARS|DIL-B-EARS|CF-B-EARS|AAR-B-EARS|2D-OS B-EARS|ANT-B-EARS|LRG-B-EARS|LGE-B-EARS|NR-B-EARS|HOP-B-EARS|LLV-B-EARS|TB-B-EARS|ESB-B-EARS|NIV B-EARS|GBX B-EARS|LUS-B-EARS|FR B-EARS|M-CPS B-EARS|NOL B-EARS|ZK B-EARS2","439.40000|439.46250|439.03750|438.36250|439.08750|438.33750|438.92500|439.58750|439.21250|439.41250|438.93750|439.06250|439.00000|145.58750|439.16250|438.83750|439.18750|438.81250|438.83750|438.41250|439.33750|439.15000|439.45000|438.96250|439.20000|439.26250|439.02500|438.25000|145.71250|438.98750|439.08750|438.93750|439.53750|438.91250|438.87500|438.27500|438.97500|439.13750|438.21250|439.23750|439.42500|439.11250|439.15000|439.20000","431.80000|431.86250|431.43750|430.76250|431.48750|430.73750|431.32500|431.98750|431.61250|431.81250|431.33750|431.46250|431.40000|144.98750|431.56250|431.23750|431.58750|431.21250|431.23750|430.81250|431.73750|431.55000|431.85000|431.36250|431.60000|431.66250|431.42500|430.65000|145.11250|431.38750|431.48750|431.33750|431.93750|431.31250|431.27500|430.67500|431.37500|431.53750|430.61250|431.63750|431.82500|431.51250|431.55000|431.60000","Off","Priority Channel Select1 + Priority Channel Select2","SNW B-EARS","439.40000","431.80000","DP-B-EARS","439.46250","431.86250","Selected","1.5","2.5","2.9","2.9"
