"No.","Radio ID","Name","Call Type","Call Alert"
"1","319","TAC 319 USA","Group Call","None"
"2","3199","Hurricane Net","Group Call","None"
"3","6791","","Group Call","None"
"4","6792","","Group Call","None"
"5","6793","","Group Call","None"
"6","6794","","Group Call","None"
"7","31990","Handi-Hams","Group Call","None"
"8","101265","","Group Call","None"
"9","91","BE-World-91","Group Call","None"
"10","92","BE-Europe-92","Group Call","None"
"11","93","North America","Group Call","None"
"12","95","Australia","Private Call","None"
"13","907","JOTA","Group Call","None"
"14","910","German","Group Call","None"
"15","913","English","Group Call","None"
"16","914","Spanish","Group Call","None"
"17","915","Portuguese","Group Call","None"
"18","918","YOTA","Group Call","None"
"19","920","DL","Private Call","None"
"20","922","BE-DUTCH-922","Group Call","None"
"21","923","European English","Group Call","None"
"22","927","Nordic","Group Call","None"
"23","930","PanHellenic Chat","Group Call","None"
"24","937","Francophone","Group Call","None"
"25","955","WWYL","Group Call","None"
"26","969","DMR-Caribbean","Group Call","None"
"27","9071","JOTA Tac 1","Group Call","None"
"28","9072","JOTA Tac 2","Group Call","None"
"29","9101","Worldwide Mariti","Group Call","None"
"30","9107","XRF007 B","Group Call","None"
"31","9112","Emcom EU","Group Call","None"
"32","9201","EURAO","Group Call","None"
"33","9502","XRF250B Bridge","Group Call","None"
"34","9504","*RUSSIA* (EchoLi","Group Call","None"
"35","9505","Bridge to Radioc","Group Call","None"
"36","9911","Emcom US","Group Call","None"
"37","9990","PARROT 9990","Private Call","None"
"38","99999","NorCal Meter","Group Call","None"
"39","91665","Marines RNLMC","Group Call","None"
"40","95150","","Group Call","None"
"41","97272","","Group Call","None"
"42","950600","Russia / Ivanovo","Group Call","None"
"43","950601","Russia / Tarko-S","Group Call","None"
"44","950602","Russia / Tarko-S","Group Call","None"
"45","950603","Russia / Moscow","Group Call","None"
"46","950604","Russia / Moscow","Group Call","None"
"47","950605","Russia / Ekateri","Group Call","None"
"48","950606","Russia / Saint P","Group Call","None"
"49","950607","Russia / Verkhna","Group Call","None"
"50","950608","Russia / Kalinin","Group Call","None"
"51","950609","Russia / Syktyvk","Group Call","None"
"52","950610","Russia / Chelyab","Group Call","None"
"53","950611","Russia / Moscow","Group Call","None"
"54","950612","Russia / Omsk","Group Call","None"
"55","950613","Russia / Ekateri","Group Call","None"
"56","950614","Russia / Domoded","Group Call","None"
"57","950615","Russia / Rostov-","Group Call","None"
"58","950616","Russia / Rostov","Group Call","None"
"59","950617","Russia / Caucasu","Group Call","None"
"60","950618","Russia / Kirov","Group Call","None"
"61","950619","Russia / Volgodo","Group Call","None"
"62","950620","Russia / Moscow","Group Call","None"
"63","950621","Russia / Moscow","Group Call","None"
"64","950622","Russia / Krasnoy","Group Call","None"
"65","950623","Russia / Krasnoy","Group Call","None"
"66","950624","Russia / Mozhays","Group Call","None"
"67","950625","Russia / Krasnog","Group Call","None"
"68","950626","Russia / Narofom","Group Call","None"
"69","950627","Russia / Krasnod","Group Call","None"
"70","950628","Russia / Sevasto","Group Call","None"
"71","722","Argentina","Group Call","None"
"72","7221","AR AMBA","Group Call","None"
"73","7227","AR WIRES-X Digit","Group Call","None"
"74","7229","AR Test","Group Call","None"
"75","232","Austria","Group Call","None"
"76","2320","OE-Master","Group Call","None"
"77","2321","Wien","Group Call","None"
"78","2322","Salzburg","Group Call","None"
"79","2323","Niederoesterreic","Group Call","None"
"80","2324","Burgenland","Group Call","None"
"81","2325","Oberoesterreich","Group Call","None"
"82","2326","Steiermark","Group Call","None"
"83","2327","Tirol","Group Call","None"
"84","2328","Kaernten","Group Call","None"
"85","2329","Vorarlberg","Group Call","None"
"86","23200","TAC 1 Austria","Group Call","None"
"87","23299","TAC 2 Austria","Group Call","None"
"88","505","Australia-505","Group Call","None"
"89","5050","XLX500 G","Group Call","None"
"90","5051","Australian capit","Group Call","None"
"91","5052","Australia New So","Group Call","None"
"92","5053","Australia Victor","Group Call","None"
"93","5054","Australia Queens","Group Call","None"
"94","5055","South Australia","Group Call","None"
"95","5056","Western Australi","Group Call","None"
"96","5057","Australia Tasman","Group Call","None"
"97","5058","Australia Northe","Group Call","None"
"98","5059","YSF001 wires-x","Group Call","None"
"99","50566","WICEN","Group Call","None"
"100","50590","VK2HK-2-ROOM Wir","Group Call","None"
"101","50591","VK2GP-ND wires-x","Group Call","None"
"102","50592","VK3KAY-ROOM wire","Group Call","None"
"103","50593","XRF740 C","Group Call","None"
"104","50594","VK2RFG-ROOM","Group Call","None"
"105","50599","YSF001","Group Call","None"
"106","505999","XLX626B&NZXLXYSF","Group Call","None"
"107","5059742","XRF740 C","Group Call","None"
"108","2440","Regional OH0","Group Call","None"
"109","206","Belgium-206","Group Call","None"
"110","2061","Belg NO-2061","Group Call","None"
"111","2062","Belg-Z-2062","Group Call","None"
"112","2063","Belg E-2063","Group Call","None"
"113","2064","Belg OnD-2064","Group Call","None"
"114","2065","Belg OnD-2065","Group Call","None"
"115","2066","Belg OnD-2066","Group Call","None"
"116","2067","Belg OnD-2067","Group Call","None"
"117","2068","Belg OnD-2068","Group Call","None"
"118","2069","Belg OnD-2069","Group Call","None"
"119","20601","BE.FUS.N-20601","Group Call","None"
"120","20602","BE.FUS.Z-20602","Group Call","None"
"121","206701","REP.ON0HSB","Group Call","None"
"122","724","Brazil","Group Call","None"
"123","724942","XRF724 B","Group Call","None"
"124","724943","XRF724 C","Group Call","None"
"125","302","Canada","Group Call","None"
"126","3023","Ontario Cross-Li","Group Call","None"
"127","3026","Canada English (","Group Call","None"
"128","3027","Canada Francais","Group Call","None"
"129","30271","Canada BC 1","Group Call","None"
"130","30272","Canada BC 2","Group Call","None"
"131","228","Switzerland","Group Call","None"
"132","2280","Schweiz Deutsch","Group Call","None"
"133","2281","Suisse Romande","Group Call","None"
"134","2282","Valais / Wallis","Group Call","None"
"135","2283","Bern / Solothurn","Group Call","None"
"136","2284","Basel","Group Call","None"
"137","2285","Aargau / Zentral","Group Call","None"
"138","2286","Ticino","Group Call","None"
"139","2287","Graubunden","Group Call","None"
"140","2288","Zurich","Group Call","None"
"141","2289","Ostschweiz","Group Call","None"
"142","22801","UA 1","Group Call","None"
"143","22802","UA 2","Group Call","None"
"144","22803","UA 3","Group Call","None"
"145","22804","UA 4","Group Call","None"
"146","22810","HB9-BM-WIRESX","Group Call","None"
"147","22811","Vaud","Group Call","None"
"148","22812","Geneve","Group Call","None"
"149","22813","Alpes Vaudoises","Group Call","None"
"150","22814","Alpes Valaisanne","Group Call","None"
"151","228111","Room Verbier","Group Call","None"
"152","730","Chile","Group Call","None"
"153","7300","CE0","Group Call","None"
"154","7301","CE1","Group Call","None"
"155","7302","CE2","Group Call","None"
"156","7303","CE3","Group Call","None"
"157","7304","CE4","Group Call","None"
"158","7305","CE5","Group Call","None"
"159","7306","CE6","Group Call","None"
"160","7307","CE7","Group Call","None"
"161","7308","CE8","Group Call","None"
"162","7309","CE9","Group Call","None"
"163","73099","CL-WIRES-X-DMR","Group Call","None"
"164","460","China","Group Call","None"
"165","46007","China 7 ???","Group Call","None"
"166","280","?????????????? ?","Group Call","None"
"167","2802","????????????????","Group Call","None"
"168","2803","????????????????","Group Call","None"
"169","2804","??????????????","Group Call","None"
"170","2805","??????????????","Group Call","None"
"171","2806","??????????","Group Call","None"
"172","2807","????????????????","Group Call","None"
"173","28091","Youth 1","Group Call","None"
"174","28092","Youth 2","Group Call","None"
"175","28096","XLX146","Group Call","None"
"176","28097","WiresX Cyprus","Group Call","None"
"177","230","Czech Republic","Group Call","None"
"178","2300","Czech Crossconec","Group Call","None"
"179","2301","Bohemia","Group Call","None"
"180","2302","Moravia","Group Call","None"
"181","262","Deutschland","Group Call","None"
"182","2620","Sachsen-Anhalt/M","Group Call","None"
"183","2621","Berlin/Brandenbu","Group Call","None"
"184","2622","Hamburg/Schleswi","Group Call","None"
"185","2623","Niedersachsen/Br","Group Call","None"
"186","2624","Nordrhein-Westfa","Group Call","None"
"187","2625","Rheinland-Pfalz/","Group Call","None"
"188","2626","Hessen","Group Call","None"
"189","2627","Baden-Wurttember","Group Call","None"
"190","2628","Bayern","Group Call","None"
"191","2629","Sachsen-Turingen","Group Call","None"
"192","26200","TAC 1","Group Call","None"
"193","26223","Chaoswelle","Group Call","None"
"194","26299","TAC 2","Group Call","None"
"195","238","Denmark","Group Call","None"
"196","2381","Denmark Nordjyll","Group Call","None"
"197","2382","Denmark Midtjyll","Group Call","None"
"198","2383","Denmark Syddanma","Group Call","None"
"199","2384","Denmark Copenhag","Group Call","None"
"200","2385","Denmark Sjaellan","Group Call","None"
"201","2386","Chat","Group Call","None"
"202","2387","Chat","Group Call","None"
"203","2388","D-Star DCS699B","Group Call","None"
"204","2389","Wires-X 41365","Group Call","None"
"205","24810","Estonia-RUS / ha","Group Call","None"
"206","214","Spain","Group Call","None"
"207","2141","Regional EA1","Group Call","None"
"208","2142","Regional EA2","Group Call","None"
"209","2143","Regional EA3","Group Call","None"
"210","2144","Regional EA4","Group Call","None"
"211","2145","Regional EA5","Group Call","None"
"212","2146","Regional EA6","Group Call","None"
"213","2147","Regional EA7","Group Call","None"
"214","2148","Regional EA8","Group Call","None"
"215","2149","Regional EA9","Group Call","None"
"216","21401","Provincial Araba","Group Call","None"
"217","21402","Provincial Albac","Group Call","None"
"218","21403","Provincial Alica","Group Call","None"
"219","21404","Provincial Almer","Group Call","None"
"220","21405","Provincial Avila","Group Call","None"
"221","21406","Provincial Badaj","Group Call","None"
"222","21407","Provincial Illes","Group Call","None"
"223","21408","Provincial Barce","Group Call","None"
"224","21409","Provincial Burgo","Group Call","None"
"225","21410","Provincial C??ce","Group Call","None"
"226","21411","Provincial C??di","Group Call","None"
"227","21412","Provincial Caste","Group Call","None"
"228","21413","Provincial Ciuda","Group Call","None"
"229","21414","Provincial C??rd","Group Call","None"
"230","21415","Provincial Coru?","Group Call","None"
"231","21416","Provincial Cuenc","Group Call","None"
"232","21417","Provincial Giron","Group Call","None"
"233","21418","Provincial Grana","Group Call","None"
"234","21419","Provincial Guada","Group Call","None"
"235","21420","Provincial Gipuz","Group Call","None"
"236","21421","Provincial Huelv","Group Call","None"
"237","21422","Provincial Huesc","Group Call","None"
"238","21423","Provincial Jaen","Group Call","None"
"239","21424","Provincial Leon","Group Call","None"
"240","21425","Provincial Lleid","Group Call","None"
"241","21427","Provincial Lugo","Group Call","None"
"242","21428","Provincial Madri","Group Call","None"
"243","21429","Provincial Malag","Group Call","None"
"244","21430","Provincial Murci","Group Call","None"
"245","21431","Provincial Navar","Group Call","None"
"246","21432","Provincial Ouren","Group Call","None"
"247","21433","Provincial Astur","Group Call","None"
"248","21434","Provincial Palen","Group Call","None"
"249","21436","Provincial Ponte","Group Call","None"
"250","21437","Provincial Salam","Group Call","None"
"251","21438","Provincial Tener","Group Call","None"
"252","21439","Provincial Canta","Group Call","None"
"253","21440","Provincial Segov","Group Call","None"
"254","21441","Provincial Sevil","Group Call","None"
"255","21442","Provincial Soria","Group Call","None"
"256","21443","Provincial Tarra","Group Call","None"
"257","21444","Provincial Terue","Group Call","None"
"258","21445","Provincial Toled","Group Call","None"
"259","21446","Provincial Valen","Group Call","None"
"260","21447","Provincial Valla","Group Call","None"
"261","21448","Provincial Bizka","Group Call","None"
"262","21449","Provincial Zamor","Group Call","None"
"263","21450","Provincial Zarag","Group Call","None"
"264","21451","Provincial Ceuta","Group Call","None"
"265","21452","Pronvical Melill","Group Call","None"
"266","21460","TG de uso libre","Group Call","None"
"267","21461","YSF-EA5 Spain","Group Call","None"
"268","21462","T??cnico","Group Call","None"
"269","21463","TG de uso libre","Group Call","None"
"270","21464","TG de uso libre","Group Call","None"
"271","21466","TG de uso libre","Group Call","None"
"272","21467","YSF Bizkaia","Group Call","None"
"273","21468","EA8EE-R","Group Call","None"
"274","21469","TG de uso libre","Group Call","None"
"275","21470","TG de uso libre","Group Call","None"
"276","21471","TG de uso libre","Group Call","None"
"277","214012","Galicia","Group Call","None"
"278","214112","Emergencias","Group Call","None"
"279","244","Finland","Group Call","None"
"280","2441","Regional OH1","Group Call","None"
"281","2442","Regional OH2","Group Call","None"
"282","2443","Regional OH3","Group Call","None"
"283","2444","Regional OH4","Group Call","None"
"284","2445","Regional OH5","Group Call","None"
"285","2446","Regional OH6","Group Call","None"
"286","2447","Regional OH7","Group Call","None"
"287","2448","Regional OH8","Group Call","None"
"288","2449","Regional OH9","Group Call","None"
"289","24431","Regional OH3 Tam","Group Call","None"
"290","24432","Regional OH3 Lah","Group Call","None"
"291","24465","TG de uso libre","Group Call","None"
"292","208","France 0","Group Call","None"
"293","2080","France Ile De Fr","Group Call","None"
"294","2081","France Mediterra","Group Call","None"
"295","2082","France Alpes 2","Group Call","None"
"296","2083","France Midi Pyre","Group Call","None"
"297","2084","France Est 4","Group Call","None"
"298","2085","France Ouest","Group Call","None"
"299","2086","France Atlantiqu","Group Call","None"
"300","2087","France Nord 7","Group Call","None"
"301","2088","France Centre 8","Group Call","None"
"302","2089","France DOM-TOM","Group Call","None"
"303","20821","Corsica","Group Call","None"
"304","20859","Lille Local","Group Call","None"
"305","20869","Lyon Rhone-Alpes","Group Call","None"
"306","208003","Room Fontenay","Group Call","None"
"307","208007","Room Malmaison","Group Call","None"
"308","208075","Room Paris 15","Group Call","None"
"309","208077","Room Nangis","Group Call","None"
"310","208091","Room Villebon","Group Call","None"
"311","208093","Room Villebon2","Group Call","None"
"312","208201","Room Come Belle","Group Call","None"
"313","208204","Room Planfoy","Group Call","None"
"314","208205","Room Saint-Peray","Group Call","None"
"315","208209","Room Les Andrieu","Group Call","None"
"316","208301","Room Tour Crieu","Group Call","None"
"317","208302","Room Toulouse","Group Call","None"
"318","208404","Room F1ULQ","Group Call","None"
"319","208405","Room Dangolsheim","Group Call","None"
"320","208617","Room La Rochelle","Group Call","None"
"321","208647","Reunion Island","Group Call","None"
"322","208766","Room Pic Neulos","Group Call","None"
"323","208799","Room Perpignan","Group Call","None"
"324","208900","Room Auneuil","Group Call","None"
"325","208905","Room Lille","Group Call","None"
"326","208921","RPT Dijon JN27mh","Group Call","None"
"327","208922","Room Mesnil/Bull","Group Call","None"
"328","208954","Room Nancy","Group Call","None"
"329","208959","Room Valencienne","Group Call","None"
"330","208962","Room Boulogne","Group Call","None"
"331","208963","RPT Capelle L.G.","Group Call","None"
"332","208980","Room Paris","Group Call","None"
"333","208990","Room Pontarlier","Group Call","None"
"334","2080332","France/DCS033C 1","Group Call","None"
"335","2080673","France/XRF067C 1","Group Call","None"
"336","235","United Kingdom","Group Call","None"
"337","2350","United Kingdom 4","Group Call","None"
"338","2351","Chat","Group Call","None"
"339","2352","Chat","Group Call","None"
"340","2353","Chat","Group Call","None"
"341","2354","Ireland","Group Call","None"
"342","2355","Scotland","Group Call","None"
"343","2357","Wales","Group Call","None"
"344","23500","S.West","Group Call","None"
"345","23510","S.East","Group Call","None"
"346","23520","N.West","Group Call","None"
"347","23540","Ireland Chat","Group Call","None"
"348","23550","Scotland Chat","Group Call","None"
"349","23560","North East","Group Call","None"
"350","23562","M62 Corridor","Group Call","None"
"351","23570","Wales Chat","Group Call","None"
"352","23580","Midlands","Group Call","None"
"353","23590","East Midlands","Group Call","None"
"354","202","GRIEKENLAND","Group Call","None"
"355","2021","GRIEKENLAND 1","Group Call","None"
"356","2022","GRIEKENLAND 2","Group Call","None"
"357","2023","GRIEKENLAND 3","Group Call","None"
"358","2024","GRIEKENLAND 4","Group Call","None"
"359","2025","GRIEKENLAND 5","Group Call","None"
"360","2026","GRIEKENLAND 6","Group Call","None"
"361","2027","GRIEKENLAND 7","Group Call","None"
"362","2028","GRIEKENLAND 8","Group Call","None"
"363","2029","GRIEKENLAND 9","Group Call","None"
"364","20201","Hellenic Tech 1","Group Call","None"
"365","20202","Hellenic Tech 2","Group Call","None"
"366","20203","Hellenic Echolin","Group Call","None"
"367","20206","XLX145/DStar","Group Call","None"
"368","20208","YSF202 Greece","Group Call","None"
"369","202011","DV4 Chat","Group Call","None"
"370","202012","DMO Chat","Group Call","None"
"371","202199","HAREN","Group Call","None"
"372","704","Guatemala","Group Call","None"
"373","454","Hong Kong","Group Call","None"
"374","219","Croatia Nacional","Group Call","None"
"375","216","Hungary","Group Call","None"
"376","2161","Hungary East","Group Call","None"
"377","2162","Hungary West","Group Call","None"
"378","2163","Hungary North","Group Call","None"
"379","2164","Hungary South","Group Call","None"
"380","2165","Hungary Test","Group Call","None"
"381","2169","Local repeater","Group Call","None"
"382","272","Ireland","Group Call","None"
"383","2722","IE Calling","Group Call","None"
"384","2723","IE Chat","Group Call","None"
"385","2724","Bridge to YSF-IE","Group Call","None"
"386","2729","AREN Tactical","Group Call","None"
"387","27230","AREN logistics","Group Call","None"
"388","425","Israel","Group Call","None"
"389","222","Italia","Group Call","None"
"390","22201","Lazio","Group Call","None"
"391","22202","Sardegna","Group Call","None"
"392","22203","Umbria","Group Call","None"
"393","22211","Liguria","Group Call","None"
"394","22212","Piemonte","Group Call","None"
"395","22213","Valle d???Aosta","Group Call","None"
"396","22221","Lombardia","Group Call","None"
"397","22231","Friuli Venezia G","Group Call","None"
"398","22232","Trentino Alto Ad","Group Call","None"
"399","22233","Veneto","Group Call","None"
"400","22241","Emilia Romagna","Group Call","None"
"401","22251","Toscana","Group Call","None"
"402","22261","Abruzzo","Group Call","None"
"403","22262","Marche","Group Call","None"
"404","22271","Puglia","Group Call","None"
"405","22281","Basilicata","Group Call","None"
"406","22282","Calabria","Group Call","None"
"407","22283","Campania","Group Call","None"
"408","22284","Molise","Group Call","None"
"409","22291","Sicilia","Group Call","None"
"410","222001","TAC1-ITA","Group Call","None"
"411","222002","TAC2-ITA","Group Call","None"
"412","222003","TAC3-ITA","Group Call","None"
"413","222004","TAC4-ITA","Group Call","None"
"414","222005","TAC5-ITA","Group Call","None"
"415","222006","TAC6-ITA","Group Call","None"
"416","222007","TAC7-ITA","Group Call","None"
"417","222008","TAC8-ITA","Group Call","None"
"418","222009","TAC9-ITA","Group Call","None"
"419","222010","TAC10-ITA","Group Call","None"
"420","222112","Emergenza-112","Group Call","None"
"421","222113","Emergenza-113","Group Call","None"
"422","222990","Special Activati","Group Call","None"
"423","2229192","WIRESX-Room-ITA","Group Call","None"
"424","2229193","YSF-BM2221","Group Call","None"
"425","450","South Korea","Group Call","None"
"426","358","Saint Lucia","Group Call","None"
"427","3581","Castries","Group Call","None"
"428","3582","VieuX Fort","Group Call","None"
"429","270","Luxembourg","Group Call","None"
"430","2701","Luxembourg South","Group Call","None"
"431","2702","Luxembourg North","Group Call","None"
"432","2703","Luxembourg Cente","Group Call","None"
"433","2707","LX Laru","Group Call","None"
"434","334","XE","Group Call","None"
"435","3341","XE 1","Group Call","None"
"436","3342","XE 2","Group Call","None"
"437","3343","XE 3","Group Call","None"
"438","204","Nederland","Group Call","None"
"439","2041","Noord Ned-2041","Group Call","None"
"440","2042","Midden Ned-2042","Group Call","None"
"441","2043","Zuid Ned-2043","Group Call","None"
"442","2044","Oost Ned-2044","Group Call","None"
"443","2045","Nederland Techta","Group Call","None"
"444","20401","Wires-X Hobbysco","Group Call","None"
"445","20421","Regio Keistad","Group Call","None"
"446","20441","Regio IJsselmond","Group Call","None"
"447","20442","Oost Nederland C","Group Call","None"
"448","20494","YSF444","Group Call","None"
"449","2049125","PI2NOS","Group Call","None"
"450","2049881","XRF088 A","Group Call","None"
"451","2049882","XRF088 B","Group Call","None"
"452","242","Norway","Group Call","None"
"453","53099","XLX750","Group Call","None"
"454","530999","XLX626A&YSF","Group Call","None"
"455","714","Panama","Group Call","None"
"456","7141","Panama City","Group Call","None"
"457","7142","Colon","Group Call","None"
"458","7143","wires-x fusion l","Group Call","None"
"459","260","Poland","Group Call","None"
"460","26040","Poland Tech","Group Call","None"
"461","268","Portugal","Group Call","None"
"462","2681","Regional North","Group Call","None"
"463","2682","Regional Center","Group Call","None"
"464","2683","Capital","Group Call","None"
"465","2684","South","Group Call","None"
"466","2685","Algarve","Group Call","None"
"467","2686","Azores","Group Call","None"
"468","2687","Madeira Is.","Group Call","None"
"469","268940","XRF040 A","Group Call","None"
"470","268941","XRF040 B","Group Call","None"
"471","268942","XRF789 B","Group Call","None"
"472","647010","Room Saint-Benoi","Group Call","None"
"473","647647","Reunion Island","Group Call","None"
"474","220","Serbia","Group Call","None"
"475","2501","Russia Global","Group Call","None"
"476","2502","XRF250A Bridge","Group Call","None"
"477","2503","DSTAR-SU / 24009","Group Call","None"
"478","250112","Radio Amateur Re","Group Call","None"
"479","240","Sweden","Group Call","None"
"480","2400","Regional SM0","Group Call","None"
"481","2401","Regional SM1","Group Call","None"
"482","2402","Regional SM2","Group Call","None"
"483","2403","Regional SM3","Group Call","None"
"484","2404","Regional SM4","Group Call","None"
"485","2405","Regional SM5","Group Call","None"
"486","2406","Regional SM6","Group Call","None"
"487","2407","Regional SM7","Group Call","None"
"488","2411","SM Tactical","Group Call","None"
"489","2415","XRF699N/YSF699","Group Call","None"
"490","525","Singapore","Group Call","None"
"491","231","Slovak","Group Call","None"
"492","2311","Slovakia","Group Call","None"
"493","292","San Marino","Group Call","None"
"494","520","Thailand","Group Call","None"
"495","374","Trinidad / Tobag","Group Call","None"
"496","3740","REACT","Group Call","None"
"497","3741","Woodbrook","Group Call","None"
"498","3742","Port of Spain","Group Call","None"
"499","3743","San Fernando","Group Call","None"
"500","3744","Tobago","Group Call","None"
"501","46600","Taiwan ???","Group Call","None"
"502","46610","Taiwan CTARL","Group Call","None"
"503","255","Ukraine","Group Call","None"
"504","2555","Ukraine bridge D","Group Call","None"
"505","2559","Emergency Ukrain","Group Call","None"
"506","25501","Kyiv city","Group Call","None"
"507","25502","Vinnyts`ka obl","Group Call","None"
"508","25503","Volyns`ka obl","Group Call","None"
"509","25504","Dnirpo obl","Group Call","None"
"510","25505","Donets`ka obl","Group Call","None"
"511","25506","Zhytomyrs`ka obl","Group Call","None"
"512","25507","Zakarpats`ka obl","Group Call","None"
"513","25508","Zaporiz`ka obl","Group Call","None"
"514","25509","Ivano frankivs`k","Group Call","None"
"515","25510","Kyivs`ka obl","Group Call","None"
"516","25511","Crimea","Group Call","None"
"517","25512","Kropyvnyts`kyj o","Group Call","None"
"518","25513","Lugans`ka obl","Group Call","None"
"519","25514","Lvivs`ka obl","Group Call","None"
"520","25515","Mykolaivs`ka obl","Group Call","None"
"521","25516","Odes`ka obl","Group Call","None"
"522","25517","Poltavs`ka obl","Group Call","None"
"523","25518","Rivnens`ka obl","Group Call","None"
"524","25519","Sums`ka obl","Group Call","None"
"525","25520","Ternopils`ka obl","Group Call","None"
"526","25521","Kharkivs`ka obl","Group Call","None"
"527","25522","Khersons`ka obl","Group Call","None"
"528","25523","Khmel`nyts`ka ob","Group Call","None"
"529","25524","Cherkas`ka obl","Group Call","None"
"530","25525","Chernigivs`ka ob","Group Call","None"
"531","25526","Chernivets`ka ob","Group Call","None"
"532","25527","Sevastopol","Group Call","None"
"533","25599","Emergency Zakarp","Group Call","None"
"534","310","TAC-310 USA","Group Call","None"
"535","311","TAC-311 USA","Group Call","None"
"536","312","TAC-312 USA","Group Call","None"
"537","313","TAC 313 USA","Group Call","None"
"538","314","TAC 314 USA","Group Call","None"
"539","315","TAC 315 USA","Group Call","None"
"540","316","TAC 316 USA","Group Call","None"
"541","317","TAC 317 USA","Group Call","None"
"542","318","TAC 318 USA","Group Call","None"
"543","3100","USA.N.WIDE-3100","Group Call","None"
"544","3101","Alabama-3101","Group Call","None"
"545","3102","Alaska-3102","Group Call","None"
"546","3104","Arizona","Group Call","None"
"547","3105","Arkansas","Group Call","None"
"548","3106","California-3106","Group Call","None"
"549","3108","Colorado","Group Call","None"
"550","3109","Connecticut","Group Call","None"
"551","3110","Delaware","Group Call","None"
"552","3111","D.C.","Group Call","None"
"553","3112","Florida-3112","Group Call","None"
"554","3113","Georgia","Group Call","None"
"555","3115","Hawaii","Group Call","None"
"556","3116","Idaho","Group Call","None"
"557","3117","Illinois","Group Call","None"
"558","3118","Indiana","Group Call","None"
"559","3119","Iowa","Group Call","None"
"560","3120","Kansas","Group Call","None"
"561","3121","Kentucky","Group Call","None"
"562","3122","Louisiana","Group Call","None"
"563","3123","Maine","Group Call","None"
"564","3124","Maryland","Group Call","None"
"565","3125","Massachusetts","Group Call","None"
"566","3126","Michigan","Group Call","None"
"567","3127","Minnesota","Group Call","None"
"568","3128","Mississippi","Group Call","None"
"569","3129","Missouri","Group Call","None"
"570","3130","Montana","Group Call","None"
"571","3131","Nebraska","Group Call","None"
"572","3132","Nevada","Group Call","None"
"573","3133","New Hampshire","Group Call","None"
"574","3134","New Jersey","Group Call","None"
"575","3135","New Mexico","Group Call","None"
"576","3136","New York","Group Call","None"
"577","3137","North Carolina","Group Call","None"
"578","3138","North Dakota","Group Call","None"
"579","3139","Ohio","Group Call","None"
"580","3140","Oklahoma","Group Call","None"
"581","3141","Oregon","Group Call","None"
"582","3142","Pennsylvania","Group Call","None"
"583","3144","Rhode Island","Group Call","None"
"584","3145","South Carolina","Group Call","None"
"585","3146","South Dakota","Group Call","None"
"586","3147","Tennessee","Group Call","None"
"587","3148","Texas","Group Call","None"
"588","3149","Utah","Group Call","None"
"589","3150","Vermont","Group Call","None"
"590","3151","Virginia","Group Call","None"
"591","3153","Washington","Group Call","None"
"592","3154","West Virginia","Group Call","None"
"593","3155","Wisconsin","Group Call","None"
"594","3156","Wyoming","Group Call","None"
"595","3160","BMUSA Admins","Group Call","None"
"596","3167","Allstar","Group Call","None"
"597","3169","Midwest","Group Call","None"
"598","3171","NoCo","Group Call","None"
"599","3172","Northeast","Group Call","None"
"600","3173","Mid-Atlantic","Group Call","None"
"601","3174","Southeast","Group Call","None"
"602","3175","Southern Plains","Group Call","None"
"603","3176","Southwest","Group Call","None"
"604","3177","Mountain","Group Call","None"
"605","3180","NorPA","Group Call","None"
"606","3185","CACTUS","Group Call","None"
"607","31010","Alabama Link","Group Call","None"
"608","31012","QuadNet-BM","Group Call","None"
"609","31014","HSV","Group Call","None"
"610","31015","Central Alabama","Group Call","None"
"611","31051","ARWX","Group Call","None"
"612","31059","E.A.R.S.","Group Call","None"
"613","31060","PVARC","Group Call","None"
"614","31061","Cal 1","Group Call","None"
"615","31062","Mountain West","Group Call","None"
"616","31063","Mountain West 1","Group Call","None"
"617","31065","NorCal AllStar","Group Call","None"
"618","31066","SoCal","Group Call","None"
"619","31067","SoCal 1","Group Call","None"
"620","31068","NorCal","Group Call","None"
"621","31069","NorCal 1","Group Call","None"
"622","31070","VCDRC","Group Call","None"
"623","31071","VCDRC 2","Group Call","None"
"624","31072","TARA","Group Call","None"
"625","31073","SBARC","Group Call","None"
"626","31074","Tri-Counties","Group Call","None"
"627","31076","CDM","Group Call","None"
"628","31077","PAPA DMR","Group Call","None"
"629","31078","XLX013D PAPA","Group Call","None"
"630","31079","Alert Radio","Group Call","None"
"631","31089","Hytera USA","Group Call","None"
"632","31090","USA - Area 0 464","Group Call","None"
"633","31091","USA - Area 1 464","Group Call","None"
"634","31092","USA - Area 2 464","Group Call","None"
"635","31093","USA - Area 3 464","Group Call","None"
"636","31094","USA - Area 4 464","Group Call","None"
"637","31095","USA - Area 5 464","Group Call","None"
"638","31096","USA - Area 6 464","Group Call","None"
"639","31097","USA - Area 7 464","Group Call","None"
"640","31098","USA - Area 8 464","Group Call","None"
"641","31099","USA - Area 9 464","Group Call","None"
"642","31116","The After-Net","Group Call","None"
"643","31120","TAC- Florida","Group Call","None"
"644","31121","First Coast DMR","Group Call","None"
"645","31122","WC Florida","Group Call","None"
"646","31123","Treasure Coast","Group Call","None"
"647","31124","South-East-Flori","Group Call","None"
"648","31125","Disney-Network","Group Call","None"
"649","31128","NE FL ARES","Group Call","None"
"650","31131","Atlanta Metro","Group Call","None"
"651","31150","Hawaii 2","Group Call","None"
"652","31151","Maui County","Group Call","None"
"653","31152","Honolulu County","Group Call","None"
"654","31153","Hawaii County","Group Call","None"
"655","31154","Kauai County","Group Call","None"
"656","31160","ARES Idaho","Group Call","None"
"657","31161","ARES ID N","Group Call","None"
"658","31162","ARES ID CENTRAL","Group Call","None"
"659","31163","W9RCG Robert","Group Call","None"
"660","31164","ARES ID SE","Group Call","None"
"661","31165","ARES ID SW","Group Call","None"
"662","31171","IL-Fusion","Group Call","None"
"663","31172","CHI-NET","Group Call","None"
"664","31179","Cnt IL Wires-X","Group Call","None"
"665","31189","Crossroads State","Group Call","None"
"666","31190","Iowa Chat","Group Call","None"
"667","31191","IA DSM 1","Group Call","None"
"668","31192","IA ALO 2","Group Call","None"
"669","31193","IA NW 3","Group Call","None"
"670","31194","IA SW 4","Group Call","None"
"671","31195","IA SE 5","Group Call","None"
"672","31196","IA CID 6","Group Call","None"
"673","31198","NWS DVN","Group Call","None"
"674","31199","NWS DMX/SEOC","Group Call","None"
"675","31201","BYRG","Group Call","None"
"676","31202","BYRG 2","Group Call","None"
"677","31203","KansasLink","Group Call","None"
"678","31204","CKRG","Group Call","None"
"679","31208","WY CO RACES","Group Call","None"
"680","31209","WY CO CERT","Group Call","None"
"681","31210","XRF210 D","Group Call","None"
"682","31229","ArkLaTex","Group Call","None"
"683","31241","XRF336 C","Group Call","None"
"684","31254","XRF054 C","Group Call","None"
"685","31261","Mi5-STATEWIDE1","Group Call","None"
"686","31262","Mi5-STATEWIDE2","Group Call","None"
"687","31263","Mi5-EVENT1","Group Call","None"
"688","31265","Mi5-EVENT3","Group Call","None"
"689","31268","UP of Michigan","Group Call","None"
"690","31269","WMTG","Group Call","None"
"691","31271","MNDMR","Group Call","None"
"692","31274","AARG","Group Call","None"
"693","31281","XRF813 A","Group Call","None"
"694","31291","SWMO","Group Call","None"
"695","31292","STL Metro","Group Call","None"
"696","31297","Springfield SkyW","Group Call","None"
"697","31298","KCN ARES","Group Call","None"
"698","31299","CASS County ARES","Group Call","None"
"699","31301","MPRG","Group Call","None"
"700","31302","MPRG 2","Group Call","None"
"701","31303","BGV","Group Call","None"
"702","31321","Nevada 1","Group Call","None"
"703","31322","VOAD","Group Call","None"
"704","31325","HXO","Group Call","None"
"705","31326","Micro-Node","Group Call","None"
"706","31327","Las Vegas","Group Call","None"
"707","31328","SNARS (Reno/Taho","Group Call","None"
"708","31329","SNARS 2","Group Call","None"
"709","31340","NJPAAsterisk","Group Call","None"
"710","31341","South Jersey","Group Call","None"
"711","31342","North Jersey","Group Call","None"
"712","31360","NY-NJ-PA TriStat","Group Call","None"
"713","31361","Upstate NY","Group Call","None"
"714","31362","NY-Metro","Group Call","None"
"715","31363","ADK","Group Call","None"
"716","31364","Lower Hudson Val","Group Call","None"
"717","31365","K2MAK","Group Call","None"
"718","31366","NY METRO ARES","Group Call","None"
"719","31367","Southern Tier NY","Group Call","None"
"720","31368","Mid-Hudson Valle","Group Call","None"
"721","31369","Western NY","Group Call","None"
"722","31371","Triangle","Private Call","None"
"723","31390","Ohio TAC","Group Call","None"
"724","31391","NorthEast Ohio","Group Call","None"
"725","31400","OK TAC","Group Call","None"
"726","31401","OK1-Central","Group Call","None"
"727","31402","OK2-East","Group Call","None"
"728","31403","YSF Oklahoma Lin","Group Call","None"
"729","31410","Oregon TAC","Group Call","None"
"730","31419","RepeaterBook","Group Call","None"
"731","31420","PEMA ACS","Group Call","None"
"732","31421","PA Tac","Group Call","None"
"733","31422","Western PA","Group Call","None"
"734","31428","RF-IT","Group Call","None"
"735","31429","Zednet","Group Call","None"
"736","31435","Provincial G.Can","Group Call","None"
"737","31441","Rhode Island Cha","Group Call","None"
"738","31456","Low Country","Group Call","None"
"739","31457","Upstate","Group Call","None"
"740","31458","Midlands","Group Call","None"
"741","31459","Pee Dee","Private Call","None"
"742","31479","The Light","Group Call","None"
"743","31480","TX Chat","Group Call","None"
"744","31481","North Texas","Group Call","None"
"745","31482","South Texas","Group Call","None"
"746","31483","West Texas","Group Call","None"
"747","31484","SouthEast Texas","Group Call","None"
"748","31485","Amarillo wires-x","Group Call","None"
"749","31488","Texas-Nexus","Group Call","None"
"750","31489","DMR Track","Group Call","None"
"751","31512","Virginia ARES","Group Call","None"
"752","31513","South West Virgi","Group Call","None"
"753","31515","Tidewater VA","Group Call","None"
"754","31530","PNW-West","Group Call","None"
"755","31551","WI--Fusion","Group Call","None"
"756","31555","WI-DMR","Group Call","None"
"757","31601","North East PA","Group Call","None"
"758","31619","CRTS","Group Call","None"
"759","31620","Kings of Digital","Group Call","None"
"760","31621","Kings of Digital","Group Call","None"
"761","31660","Ocean County NJ","Group Call","None"
"762","31664","Nature Coast","Group Call","None"
"763","31665","TGIF","Group Call","None"
"764","31666","DMR of Anarchy","Group Call","None"
"765","31668","Sta-Mar","Group Call","None"
"766","31669","Global DX System","Group Call","None"
"767","31670","Florida Gulf Coa","Group Call","None"
"768","31671","BRARA-FL","Group Call","None"
"769","31672","PI-Star Chat","Group Call","None"
"770","31673","R5AUXCOMM","Group Call","None"
"771","31674","The Guild","Group Call","None"
"772","31675","Albany ARES","Group Call","None"
"773","31691","Wi/la/IL","Group Call","None"
"774","31697","Russian American","Group Call","None"
"775","31699","Greek Americans","Group Call","None"
"776","31770","SEPA BOYZ","Group Call","None"
"777","31771","PNWR","Group Call","None"
"778","31772","OUTDOOR ADVENTUR","Group Call","None"
"779","31773","Geeks in Jeeps","Group Call","None"
"780","31774","Weather Watching","Group Call","None"
"781","31777","Mtn West TAC 1","Group Call","None"
"782","31801","TGS-1","Group Call","None"
"783","31802","TGS-2","Group Call","None"
"784","31803","TGS-3","Group Call","None"
"785","31805","CCDMR","Group Call","None"
"786","31806","AREC-FUSION","Group Call","None"
"787","31807","AREC-DSTAR","Group Call","None"
"788","31808","AREC-WIRES-X","Group Call","None"
"789","31809","AREC-DSTAR-XREF","Group Call","None"
"790","31810","AREC-MULTI-P-XLX","Group Call","None"
"791","31811","PINELLAS-WIRESX","Group Call","None"
"792","31812","PINELLAS-DSTAR-D","Group Call","None"
"793","31813","PINELLAS-DSTAR-X","Group Call","None"
"794","31814","PINELLAS-MULTI-P","Group Call","None"
"795","310501","NSX Local","Group Call","None"
"796","310506","NSX Beta","Group Call","None"
"797","310604","CARLA","Group Call","None"
"798","310703","Tri-LERT","Group Call","None"
"799","310991","Connecticut PVRA","Group Call","None"
"800","310992","CDRA","Group Call","None"
"801","310997","Parrot","Group Call","None"
"802","311752","Central IL","Group Call","None"
"803","311999","IA Hosp/PH/EM","Group Call","None"
"804","312656","DARN (Kalamazoo)","Group Call","None"
"805","313323","GMARS","Group Call","None"
"806","313324","GMARS 2","Group Call","None"
"807","313327","LARK","Group Call","None"
"808","313976","W8SDR Local","Group Call","None"
"809","314242","SVARC","Group Call","None"
"810","314401","W1DMR","Group Call","None"
"811","314706","Mem Metro","Group Call","None"
"812","315409","K8DLT Beckley WV","Group Call","None"
"813","316272","NASA","Group Call","None"
"814","316273","JSC","Group Call","None"
"815","316274","KSC","Group Call","None"
"816","748","Uruguay","Group Call","None"
"817","74801","Montevideo","Group Call","None"
"818","74802","Montevideo","Group Call","None"
"819","74803","Artigas","Group Call","None"
"820","74804","Canelones","Group Call","None"
"821","74805","Cerro Largo","Group Call","None"
"822","74806","Colonia","Group Call","None"
"823","74807","Durazno","Group Call","None"
"824","74808","Flores","Group Call","None"
"825","74809","Florida","Group Call","None"
"826","74810","Lavalleja","Group Call","None"
"827","74811","Maldonado","Group Call","None"
"828","74812","Paysand??","Group Call","None"
"829","74813","R Negro","Group Call","None"
"830","74814","Rivera","Group Call","None"
"831","74815","Rocha","Group Call","None"
"832","74816","Salto","Group Call","None"
"833","74817","San Jose","Group Call","None"
"834","74818","Soriano","Group Call","None"
"835","74819","Tacuaremb'","Group Call","None"
"836","74820","Treinta y Tres","Group Call","None"
"837","74830","CX TAC 1","Group Call","None"
"838","74840","CX TAC 2","Group Call","None"
"839","734","Venezuela","Group Call","None"
"840","655","South Africa","Group Call","None"
"841","206999","GPS BELGIUM","Private Call","None"
"842","4000","DISCONN-4000","Group Call","None"
"843","4750","4750-BE","Group Call","None"
"844","4751","4751-VLAAMS-BE","Group Call","None"
"845","4752","4752-WAALS-BE","Group Call","None"
"846","4753","4753-DUITS-BE","Group Call","None"
"847","99","BE-SYMPL-99","Group Call","None"
"848","9","BE-LOC-9","Group Call","None"
"849","8","BE-REG-DMR+8","Group Call","None"
"850","206990","BM206-MASTER","Private Call","None"
"851","20609","BE-DSTAR-LINK","Group Call","None"
"852","4999","EXT-ROUT-4999","Group Call","None"
"853","206103","REP.ON0SNW","Group Call","None"
"854","206010","REP.ON0OST","Group Call","None"
"855","206001","REP.ON0CK","Group Call","None"
"856","206002","REP.ON0SEA","Group Call","None"
"857","206003","REP.ON0VRN","Group Call","None"
"858","206004","REP.ON0MSD","Group Call","None"
"859","206101","REP.ON0GRC","Group Call","None"
"860","206104","REP.ON0LED","Group Call","None"
"861","206105","REP.ON0APS","Group Call","None"
"862","206106","REP.ON0HAM","Group Call","None"
"863","206107","REP.ON0ODR","Group Call","None"
"864","206200","REP.ON0DP","Group Call","None"
"865","206202","REP.ON0KB","Group Call","None"
"866","206300","REP.ON0ESB","Group Call","None"
"867","206310","REP.ON0GAL","Group Call","None"
"868","206401","REP.ON4BAF","Group Call","None"
"869","206402","REP.ON0MLB","Group Call","None"
"870","206404","REP-2M-ON0BAF","Group Call","None"
"871","206405","REP.ON0LN","Group Call","None"
"872","206410","REP.ON0BAF","Group Call","None"
"873","206501","REP.ON0HOP","Group Call","None"
"874","206502","REP.ON0CVH","Group Call","None"
"875","206503","REP.ON0NIV","Group Call","None"
"876","206602","REP.ON0LLV","Group Call","None"
"877","206604","REP.ON0CPS","Group Call","None"
"878","206700","REP.ON0NR","Group Call","None"
"879","206800","REP.ON0LGE","Group Call","None"
"880","206801","REP.ON0LRG","Group Call","None"
"881","206802","REP.ON0TB","Group Call","None"
"882","206901","REP.ON0BXL","Group Call","None"
"883","206902","REP.ON0PRX","Group Call","None"
"884","206908","REP.ON0LUS","Group Call","None"
"885","206804","REP.ON0LG","Group Call","None"
"886","206102","REP.ON0DEN","Group Call","None"
"887","206012","REP.ON0WV","Group Call","None"
"888","206407","REP.ON0DST","Group Call","None"
"889","206603","REP.ON0RAM","Group Call","None"
"890","206112","NOODNR-112-BE","Private Call","Ring"
"891","206009","2D-REP ON0OS","Group Call","None"
"892","20604","BE-YSF2DMR","Group Call","None"
"893","206203","REP.ON0CF","Group Call","None"
"894","206304","REP.ON0AAR","Group Call","None"
"895","206305","REP.ON0ZK","Group Call","None"
"896","262993","SMS-GATEWAY","Group Call","None"
"897","226999","APRS","Group Call","None"
"898","2721","IE 2721","Group Call","None"
"899","2341","GREAT BRITAIN","Group Call","None"
"900","4248","REFL GR8 4248","Group Call","None"
"901","7009999","NXDN-ONTKOPPEL","Group Call","None"
"902","7065000","NXDN-WERELD","Group Call","None"
"903","7031665","NXDN-DMR LINK","Group Call","None"
"904","7031010","NXDN-ALABAMALINK","Group Call","None"
"905","7000001","NXDN-LOKAAL","Group Call","None"
"906","7031672","NX-YSF PI-STAR C","Group Call","None"
"907","7001200","NXDN FLORIDA","Group Call","None"
"908","7010200","NXDN NO AMERIKA","Group Call","None"
"909","7010400","NXDN PACIFIC","Group Call","None"
"910","7020000","NXDN AUSTRIA/GER","Group Call","None"
"911","7050525","NXDN AUSTRALIE","Group Call","None"
"912","202801","REP NAXOS APERAN","Group Call","None"
"913","20411","NL-CR.LI-DMR DST","Group Call","None"
"914","7010302","NXDN SPAIN LINK","Group Call","None"
"915","7064364","YSF BE VLAAMS","Group Call","None"
"916","9999997","DMR PI REBOOT","Private Call","None"
"917","9999996","DMR PI SHUTDOWN","Private Call","None"
"918","6","XLX NETW.TG6","Group Call","None"
"919","20611","BE-TECHTALK","Group Call","None"
"920","64000","XLX-DISCON.64000","Private Call","None"
"921","64002","XLX-B-64002","Private Call","None"
"922","65000","XLX-INFO-65000","Private Call","None"
"923","64001","XLX-A-64001","Private Call","None"
"924","64003","XLX-C-64003","Private Call","None"
"925","64009","XLX-I-64009","Private Call","None"
"926","64006","XLX-F-64006","Private Call","None"
"927","7","YSF TG 7","Group Call","None"
"928","64004","XLX-D-64004","Private Call","None"
"929","68011","MMDVM-XLX011","Private Call","None"
"930","68925","MMDVM-XLX925","Private Call","None"
"931","84551","DMR+WORLD WIDE","Private Call","None"
"932","84552","DMR+EUROPE","Private Call","None"
"933","84562","DMR+DUTCH-FLEMIS","Private Call","None"
"934","84639","DMR+USA-N-WIDE","Private Call","None"
"935","84800","DMR+AUSTRALIE","Private Call","None"
"936","84000","DMR+ONTKOPP","Private Call","None"
"937","85000","DMR+INFO","Private Call","None"
"938","68313","MMDVM XLX313","Private Call","None"
"939","68950","MMDVM XLX950","Private Call","None"
"940","68206","MMDVM XLX206","Private Call","None"
"941","68929","MMDVM XLX929","Private Call","None"
"942","7065702","YSF AUSTRIA","Group Call","None"
"943","7002035","YSF ALAB-LINK","Group Call","None"
"944","7089804","YSF AMERICA LINK","Group Call","None"
"945","7033637","YSF BE NOORDERKE","Group Call","None"
"946","7077353","YSF CANADA","Group Call","None"
"947","7017687","YSF XLX925C","Group Call","None"
"948","7003746","YSF XLX925A","Group Call","None"
"949","7096455","YSF NED CENTRAL","Group Call","None"
"950","7099999","YSF PARROT","Group Call","None"
"951","7004101","YSF US CALIFORNI","Group Call","None"
"952","7004162","YSF US GLOBAL","Group Call","None"
"953","84341","DMR+ BEL.NOORD","Private Call","None"
"954","20620","HAM-TGIF-NETW-BE","Group Call","None"
"955","64005","XLX-E-64005","Private Call","None"
"956","68207","MMDVM XLX207","Private Call","None"
"957","68518","MMDVM XLX518","Private Call","None"
"958","84248","DMR+NAXOS 4248","Private Call","None"
"959","68945","MMDVM XLX945","Private Call","None"
"960","64021","XLX-Y-64021","Private Call","None"
"961","68015","MMDVM-XLX015","Private Call","None"
"962","7100111","FCS BELGIUM","Group Call","None"
"963","7100102","FCS WORLD","Group Call","None"
"964","7100106","FCS USA","Group Call","None"
"965","7100107","FCS NEDERLAND","Group Call","None"
"966","7100114","FCS AUSTRALIE","Group Call","None"
"967","7100117","FCS CANADA","Group Call","None"
"968","7100499","FCS ECHO","Group Call","None"
"969","68007","MMDVM XLX007","Private Call","None"
"970","4341","DMR+BELG NOORD","Private Call","None"
"971","206408","REP.ON0NOL","Group Call","None"
"972","68001","MMDVM-XLX001","Private Call","None"
"973","4370","REF 4370-XRF007B","Private Call","None"
"974","64010","XLX-J 64010","Private Call","None"
"975","68201","MMDVM XLX201","Private Call","None"
"976","7013322","YSF XLX201B","Group Call","None"
"977","7000505","NXDN-YSF001","Group Call","None"
"978","9102","W.WIDE AVIATION","Group Call","None"
"979","7023551","NXDN SCOTLAND","Group Call","None"
"980","7073238","YSF NL NOORD","Group Call","None"
"981","7063539","YSF NL OOST","Group Call","None"
"982","7092403","YSF NL PEANUT","Group Call","None"
"983","9999","P25-DISCONNECT","Private Call","None"
"984","10100","P25-WORLD WIDE","Group Call","None"
"985","10200","P25-N.AMERICA","Group Call","None"
"986","10300","P25-EUROPE","Group Call","None"
"987","68140","MMDVM-XLX140","Private Call","None"
"988","7050999","DMR2 YSF001","Group Call","None"
"989","68334","MMDVM-XLX334","Private Call","None"
"990","7100202","FCS ALABAMA LINK","Group Call","None"
"991","7046197","YSF BE-YSF EURO","Group Call","None"
"992","2060253","IRIS - GENT","Group Call","None"
